SEQ,NOME,URL,LINGUAGEM,FORKS,WATCHING,ESTRELAS,LICENÇA,PUBLICAÇÃO,ALTERAÇÃO,BANCO DE DADOS,RESUMO,É do assunto?,É vazio?,É proprietário?,PONTOS
1,github/codeql,https://github.com/github/codeql,Code QL,1500,219,6400,MIT License,2022,09/2023,N/A,Material é documentação e repositório de bibliotecas CodeQL para implementação de segurança do Github e outras aplicações de segurança que o Github disponibiliza para seus clientes,SIM,NÃO,NÃO,2096
2,Bearer/bearer,https://github.com/Bearer/bearer,Go,59,17,1400,Elastic License 2.0,2022,09/2023,OWASP e CWE,"Bearer CLI é uma ferramenta de aplicação de teste de segurança estático (SAST) que escaneia o código fonte e analisa o fluxo de dados para descobrir, filtrar e priorizar os riscos de privacidade e segurança",SIM,NÃO,NÃO,315
3,nccgroup/VCG,https://github.com/nccgroup/VCG,Visual Basic .Net,111,41,477,GPL-3.0 License,2022,07/2023,N/A,"VCG é uma ferramenta de revisão de código automatizada que manipula C/C++, Java, C#, VB, PL/SQL, PHP e COBOL",SIM,NÃO,SIM,164
4,marcinguy/betterscan-ce,https://github.com/marcinguy/betterscan-ce,Python,77,16,534,LGPL 2.1,2021,09/2023,N/A,É uma ferramenta que usa muitas outras para análise SAST ,SIM,NÃO,NÃO,76
5,security-code-scan/security-code-scan,https://github.com/security-code-scan/security-code-scan,C#,160,31,874,LGPL-3.0 License,2017,2022,N/A,Detector de padrões de vulnerabilidades para C# e .Net,SIM,NÃO,NÃO,45
6,Anof-cyber/MobSecco,https://github.com/brunocantisano/rpi-sonarqube,Python,6,4,51,MIT License,2023,2023,N/A,"É uma ferramenta usada para clonar projetos de dispositivos móveis baseados em Cordova, gerando um APK para debug.",NÃO,NÃO,NÃO,15
7,arush-sal/securebuild,https://github.com/arush-sal/securebuild,N/A,-,-,-,-,-,-,-,Repositório vazio na data da verificação,NÃO,SIM,NÃO,0
8,atulds1994/WebInspect-Scan-Merge-Code-in-Python,https://github.com/atulds1994/WebInspect-Scan-Merge-Code-in-Python,Python,0,1,0,N/A,2020,2020,N/A,É um código para mesclar 2 ou mais ecanementos complemtos usando uma ferramenta de inspeção WEb.,NÃO,NÃO,NÃO,1
9,Auxin-io/AlphaScale-CLI,https://github.com/Auxin-io/AlphaScale-CLI,N/A,-,-,-,-,-,-,-,Repositório possui apenas o Readme na data da pesquisa,NÃO,SIM,NÃO,0
10,cycodehq-public/cycode-cli,https://github.com/cycodehq-public/cycode-cli,Python,40,22,87,MIT License,2022,09/2023,N/A,"É uma aplicação de linha de comando (CLI) para uso na máquina local, que busca seus repositórios locais por senhas e problemas de configuração de infraestrutura como código (IaC)",SIM,NÃO,NÃO,44
11,beacon/code-uv,https://github.com/beacon/code-uv,N/A,-,-,-,-,-,-,-,Repositório possui o Readme e o arquivo gitignore na data da pesquisa,NÃO,SIM,NÃO,0
12,bridgecrewio/checkov-action,https://github.com/bridgecrewio/checkov-action,HCL,86,26,174,Apache-2.0 License,2020,02/2023,N/A,"É um Github Action que executa verificação Checkov em IaC para identificar configurações incorretas, vulnerabilidades e problemas de conformidade em código, imagens de conteineres e configuraçẽos CI/CD. ",SIM,NÃO,NÃO,29
13,tenable/terrascan-action,https://github.com/tenable/terrascan-action,Shell Script,26,7,40,Apache-2.0 License,2023,2022,N/A,É uma ferramenta de escaner de infraestrutura como código (IaC) para as melhores práticas de segurança.,SIM,NÃO,NÃO,24
14,agrawalsmart7/scodescanner,https://github.com/agrawalsmart7/scodescanner,Python,20,7,155,GPL-3.0 License,2021,07/2023,N/A,É uma ferramenta CLI para escanear código fonte por vulnerabilidades críticas,SIM,NÃO,NÃO,22
15,bookworm52/EthicalHackingFromScratch,https://github.com/bookworm52/EthicalHackingFromScratch,N/A,-,-,-,-,-,-,-,"Repositório possui apenas o arquivo EthicalHacking,md na data da pesquisa, sem maiores detalhes",NÃO,SIM,NÃO,0
16,ocoder/rips-scanner,https://github.com/robocoder/rips-scanner,PHP,84,21,288,GPL-3.0 License,2015,2021,N/A,RIPS é um analisador de código fonte estático para vulnerabilidades em scripts PHP,SIM,NÃO,NÃO,14
17,lijiejie/log4j2_vul_local_scanner,https://github.com/lijiejie/log4j2_vul_local_scanner,Python,13,6,86,N/A,2021,2021,CVE-2021-45046,"É uma ferramnta para escanear todos os processos Java executando, se são afetados pelo CVE de vulnerabilidade do loj4j2",SIM,NÃO,NÃO,13
18,carbonetes/brainiac,https://github.com/carbonetes/brainiac,Open Policy Agent,3,4,48,Apache-2.0 License,2023,09/2023,N/A,"É uma ferramenta de análise de código estatíco para detectar desconfigurações de segurança, serviços baseados em nuvem inseguros e questões de fonformidade",SIM,NÃO,NÃO,13
19,chandinidas/Thunder-Scan-Security-Analysis-Services-In-India,https://github.com/chandinidas/Thunder-Scan-Security-Analysis-Services-In-India,N/A,-,-,-,-,-,-,-,Repositório vazio na data da pesquisa,NÃO,SIM,NÃO,0
20,Checkmarx/ast-eclipse-plugin,https://github.com/Checkmarx/ast-eclipse-plugin,Java,4,6,2,Apache-2.0 License,2021,06/2023,N/A,"É um plugin para o Eclipse do CheckMarx One, que habilita para buscar os resultados do escaneamento de vulnerabilitdades do Checkmarx One diretamente na IDE do Eclipse",NÃO,NÃO,NÃO,3
21,Checkmarx/ast-vscode-extension,https://github.com/Checkmarx/ast-vscode-extension,Hack,6,5,10,Apache-2.0 License,2021,09/2023,N/A,"É uma extensão para o VS Code do CheckMarx One, que habilita para buscar os resultados do escaneamento de vulnerabilitdades do Checkmarx One",NÃO,NÃO,NÃO,4
22,bridgecrewio/bridgecrew-action,https://github.com/bridgecrewio/bridgecrew-action,N/A,34,16,71,MIT License,2020,09/2023,N/A,"É um Github Action que executa verificação Bridgecrew em IaC para identificar configurações incorretas, vulnerabilidades e problemas de conformidade em código, imagens de conteineres e configuraçẽos CI/CD -DEPRECADO - VER CHECKOV",SIM,NÃO,NÃO,12
23,MustafaBilgici/SucoshScanny,https://github.com/MustafaBilgici/SucoshScanny,Python,4,1,26,N/A,2023,03/2023,N/A,"Sucosh é um framework automatizado de escaneamento de vulnerabilidade em código fonte para Python e NodeJs, capaz de executar revisão de código no desenvolvimento de aplicações web ou processo de análise de código fonte",SIM,NÃO,NÃO,8
24,ForAllSecure/mcode-action,https://github.com/ForAllSecure/mcode-action,Typescript,6,12,6,MIT License,2022,07/2023,N/A,É uma ferramnta de análise de código estático para descobrir falhas de código e de segurança que pode ser usado no pipeline.,SIM,NÃO,NÃO,8
25,HighwayofLife/kubernetes-validation-tools,https://github.com/HighwayofLife/kubernetes-validation-tools,Dockerfile,13,5,65,MIT License,2020,2022,N/A,"É uma coleção de ferramntas para validação de código estático, falhas de segurança e testes de segurança, customização e configuração de Manifesto YAML Kubernetes estruturado.",SIM,NÃO,NÃO,7
26,yaph/domxssscanner,https://github.com/yaph/domxssscanner,HTML,52,12,188,N/A,2011,2018,N/A,É um escaner online que facilita a revisão de código de páginas web e código Javascript para potenciais vulnerabilitadades de segurança Xss baseada em DOM,SIM,NÃO,NÃO,6
27,cyberflakeconnect/wascan,https://github.com/cyberflakeconnect/wascan,Python,12,2,20,GPL-3.0 License,2018,2020,N/A,É uma ferramnta de escaneamento de vulnerabilidades em aplicações web,NÃO,NÃO,NÃO,3
28,ScanRE/ScanRE,https://github.com/ScanRE/ScanRE,Javascript,1,2,24,GPL-3.0 License,2023,06/2023,N/A,É uma ferramenta de análise de código estático para detecção de vulnerabilidade e mitigação,SIM,NÃO,NÃO,6
29,Don-No7/Hack-SQL,https://github.com/Don-No7/Hack-SQL,N/A,7,3,28,N/A,2021,2021,N/A,É um script para criar e popular tabelas no BD mysql,NÃO,NÃO,NÃO,5
30,DonRichards/CPS,https://github.com/DonRichards/CPS,N/A,-,-,-,-,-,-,-,Repositório possui apenas o Readme na data da pesquisa,NÃO,SIM,NÃO,0
31,DramstiHe/PyStrike,https://github.com/DramstiHe/PyStrike,N/A,-,-,-,-,-,-,-,Repositório possui apenas o Readme na data da pesquisa,NÃO,SIM,NÃO,0
32,HCL-TECH-SOFTWARE/appscan-codesweep-action,https://github.com/HCL-TECH-SOFTWARE/appscan-codesweep-action,N/A,7,7,14,Apache-2.0 License,2021,2022,N/A,"É uma ferramenta embutida no Github que verifica o código em cada requisição pull, identificando vulnerabilidades.",SIM,NÃO,NÃO,5
33,Eldritch-HPL/Port-Scanner,https://github.com/Eldritch-HPL/Port-Scanner,Python,1,1,0,N/A,2022,2022,N/A,É um escaneador de porta para vulnerabilidades de segurança,NÃO,NÃO,NÃO,1
34,paavan98pm/container-app-security-cicd,https://github.com/paavan98pm/container-app-security-cicd,Javascript,9,3,17,Apache-2.0 License,2021,2021,N/A,É um pipeline CI/CD usando AWS para Github Actions com várias features de segurnça,SIM,NÃO,NÃO,5
35,FunnyShadow/BT-Nginx-Scanner,https://github.com/FunnyShadow/BT-Nginx-Scanner,Shell Script,2,1,8,GPL-3.0 License,2022,2022,N/A,É um escaner de execução de varredura de vulnerabilidade de código arbitrário no nginx,SIM,NÃO,NÃO,3
36,Err0r-ICA/Nojle,https://github.com/Err0r-ICA/Nojle,Python,8,1,32,MIT License,2020,2020,N/A,É uma feramenta automatizada de pen testing e pesquisa forense,NÃO,NÃO,NÃO,4
37,expelee-co/Smart-Contract-Audit,https://github.com/expelee-co/Smart-Contract-Audit,N/A,1,3,6,N/A,2022,07/2023,N/A,É uma ferramenta para revisão de código para equipes que estão se preparando para lançar aplicações Blockchain,NÃO,NÃO,NÃO,3
38,jenkinsci/redhat-codeready-dependency-analysis-plugin,https://github.com/jenkinsci/redhat-codeready-dependency-analysis-plugin,Java,7,2,0,Apache-2.0 License,2021,2021,N/A,É um plugin para o Jenkins que realziaza análise de dependências e vulnerabilidades,SIM,NÃO,NÃO,3
39,Frikallo/CVEScanner,https://github.com/Frikallo/CVEScanner,N/A,-,-,-,-,-,-,-,Repositório possui o Readme e o arquivo gitignore na data da pesquisa,NÃO,SIM,NÃO,0
40,Kairos-T/Cloud-Security-Source-Codes,https://github.com/Kairos-T/Cloud-Security-Source-Codes,Python,0,3,8,N/A,2023,06/2023,N/A,É um exemplode código Python para gerenciamento de segurança do AWS Security,SIM,NÃO,NÃO,3
41,vmnguyen/Code-Crawler,https://github.com/vmnguyen/Code-Crawler,Python,8,3,17,N/A,2020,2020,OWASP,É uma ferramenta automática usada para rastrear código para encontrar vulnerabilidades fáceis - com base no Guia de revisão de código seguro OWASP,SIM,NÃO,NÃO,3
42,gowtham-tamizharasan/vulnerability-scanner,https://github.com/gowtham-tamizharasan/vulnerability-scanner,N/A,-,-,-,-,-,-,-,Repositório possui apenas o Readme na data da pesquisa,NÃO,SIM,NÃO,0
43,advanced-security/codeql_container_example,https://github.com/advanced-security/codeql_container_example,Typescript,0,5,0,MIT License,2023,07/2023,N/A,"É uma demonstração de uma implementação de como usar CodeQL para escanear aplicações conteinerizadas por vulnerabilidades, usando 4 exemplos: javascript, Java, C# e Docker",SIM,NÃO,NÃO,2
44,boloto1979/Code-Sentinel,https://github.com/boloto1979/Code-Sentinel,Python,0,1,5,MIT License,2023,06/2023,N/A,É uma ferramenta para identificação de padrões de vulnerabilidades em code fonte,SIM,NÃO,NÃO,2
45,brunocantisano/rpi-sonarqube,https://github.com/brunocantisano/rpi-sonarqube,Dockerfile,8,2,18,MIT License,2017,2022,N/A,É um Container docker que implementa um servidor Sonarqube para Raspberry Pi,SIM,NÃO,NÃO,2
46,Code-dot-mil/crossfeed-agent,https://github.com/Code-dot-mil/crossfeed-agent,Go,4,2,8,MIT License,2019,2020,N/A,É uma ferramenta de monitoramento e verificação de vulnerabilidades para ativos,SIM,NÃO,NÃO,2
47,Code-dot-mil/crossfeed-web,https://github.com/Code-dot-mil/crossfeed-web,Javascript,6,5,12,MIT License,2019,2020,N/A,É uma ferramenta de monitoramento e verificação de vulnerabilidades para ativos,SIM,NÃO,NÃO,2
48,hfh86/CVE-2021-43530-UXSS-On-QRcode-Reader-,https://github.com/hfh86/CVE-2021-43530-UXSS-On-QRcode-Reader-,N/A,1,1,1,N/A,2022,2022,N/A,"É uma ferramenta para verificação da CVE-2021-43530 (XSS) do Firefox, quando proessa URL lida e QRCode",NÃO,NÃO,NÃO,1
49,hudacbr/webpwn3r,https://github.com/hudacbr/webpwn3r,Python,10,5,24,GPL-2.0 License,2018,2018,N/A,É uma ferramenta de de escaneament do aplicação web,NÃO,NÃO,NÃO,3
50,ibenrodriguez/netvmscan,https://github.com/ibenrodriguez/netvmscan,N/A,-,-,-,-,-,-,-,Repositório possui apenas o Readme na data da pesquisa,NÃO,SIM,NÃO,0
51,hashimal/codepipeline-docker-vulnerability-scan,https://github.com/shashimal/codepipeline-docker-vulnerability-scan,Typescript,1,2,1,N/A,2022,02/2023,N/A,"É uma projeto para escanear vulnerabilidades em imagens docker usando WS Codepipeline, armazenadas em AWS ECR",SIM,NÃO,NÃO,2
52,RIAEvangelist/is-my-node-supply-chain-secure,https://github.com/RIAEvangelist/is-my-node-supply-chain-secure,Javascript,0,4,4,MIT License,2022,2022,N/A,Escaneia o computador por módulos que são potenciais vulnerabilidades para suporta ataques em cadeia,SIM,NÃO,NÃO,2
53,TakiRahal/angular-sonarqube,https://github.com/TakiRahal/angular-sonarqube,HTML,2,1,2,N/A,2022,2022,N/A,"É uma ferramenta para escanear um projeto Angular (bugs, vulnerabilidades etc)",SIM,NÃO,NÃO,2
54,TakiRahal/react-sonarqube,https://github.com/TakiRahal/react-sonarqube,Typescript,2,1,2,N/A,2022,2022,N/A,"É uma ferramenta para escanear um projeto ReactJS (bugs, vulnerabilidades etc)",SIM,NÃO,NÃO,2
55,Jhanvi12/ReactVul,https://github.com/Jhanvi12/ReactVul,Javascript,0,1,0,N/A,2021,2021,N/A,É um código deliberadamente vulnerável do React a ser verificado pelo Semgrep,NÃO,NÃO,NÃO,1
56,tenable/accurics-orb,https://github.com/tenable/accurics-orb,Shell Script,4,4,1,Apache-2.0 License,2020,2020,N/A,"É uma ferramenta que faz escaneamento em IaC, via pipeline da aplicação Accurics (https://accurics.com) off line na data da pesquisa)",SIM,NÃO,NÃO,2
57,KamilDogo/IPv4Scanner-POC,https://github.com/KamilDogo/IPv4Scanner-POC,Python,1,1,0,N/A,2023,03/2023,N/A,É um programa para executa um port scan em todos os endereços de rede IP e automaticamente download um código para uma PoC do código fonte associado com a vulnerabilidade existente,NÃO,NÃO,NÃO,1
58,xlab-si/iac-scan-runner,https://github.com/xlab-si/iac-scan-runner,Python,0,4,10,Apache-2.0 License,2021,09/2023,N/A,É um serviço API REST para escanear infraestrutura como código (IAC) sobre vulnerabilidades de segurança,SIM,NÃO,NÃO,2
59,kishanchaitanya/Security-Vulnerability-Scanner,https://github.com/kishanchaitanya/Security-Vulnerability-Scanner,HTML,6,2,11,N/A,2014,2014,N/A,"É uma ferramenta de busca de vulnerabilidades em sites, infromados por URL",NÃO,NÃO,NÃO,1
60,jonrau1/CodeArtifactVulnScanner,https://github.com/jonrau1/CodeArtifactVulnScanner,Python,4,3,6,GPL-3.0 License,2020,2021,CVE NVD,É uma aplicação de teste estático de segurança (SAST) para encontrar e eradicar vulnerabilidades em pacotes de software armazenados na AWS CodeArtifact,SIM,NÃO,NÃO,2
61,lildwagz/CRUTZER,https://github.com/lildwagz/CRUTZER,Perl,1,2,2,N/A,2019,2019,N/A,"É uma ferramenta para busca de vulnerabilidades no Drupal, que pode ser usado para execução remota de código",NÃO,NÃO,NÃO,1
62,limfuecoj14/AchillesCheck,https://github.com/limfuecoj14/AchillesCheck,Python,0,1,0,N/A,2020,2020,N/A,É um projeto para checar URLs por vulnerabilidades,NÃO,NÃO,NÃO,1
63,LINCHENMUM/SQLInject,https://github.com/LINCHENMUM/SQLInject,C#,0,1,0,N/A,2023,03/2023,N/A,É uma árvore abstrata para escaneamento de código C#,NÃO,NÃO,NÃO,1
64,linkp2p/WPS-PIN,https://github.com/linkp2p/WPS-PIN,Shell Script,39,10,49,GPL-3.0 License,2012,2012,N/A,É um connjunto de script para verificarção de segurança de rede sem fio (WPS),NÃO,NÃO,NÃO,3
65,Mahlaleka/Stevens-Web-Vulnerability-Scanner,https://github.com/Mahlaleka/Stevens-Web-Vulnerability-Scanner,Python,2,2,2,GPL-3.0 License,2022,2022,N/A,É uma escaner de vulnerabilidade web feito em Python para detectar XSS e SQL Injection,SIM,NÃO,NÃO,2
66,shashimal/codepipeline-docker-vulnerability-scan,https://github.com/shashimal/codepipeline-docker-vulnerability-scan,Typescript,1,2,1,N/A,2022,02/2023,N/A,"É uma projeto para escanear vulnerabilidades em imagens docker usando WS Code pipeline, armazenadas em AWS ECR",SIM,NÃO,NÃO,2
67,aws-samples/amazon-codewhisperer-usage-analyzer,https://github.com/aws-samples/amazon-codewhisperer-usage-analyzer,Python,0,2,3,MIT-0 License,2023,09/2023,N/A,Demonstra o uso do Amazon CodeWhisperer para análise de código e escaneamento de segurança ,SIM,NÃO,NÃO,2
68,CodeThreat/codethreat-scan-action,https://github.com/CodeThreat/codethreat-scan-action,Javascript,0,1,4,N/A,2023,01/2023,N/A,É uma solução SAST para integração com o Github Actions para escaneamento de segurança,SIM,NÃO,NÃO,2
69,advancedcsg-open/action-ccq,https://github.com/advancedcsg-open/action-ccq,Dockerfile,0,5,0,N/A,2019,2019,N/A,É uma ferramenta que usa Github Action para escanear código com o SonarQube,SIM,NÃO,NÃO,1
70,akbarq/codescan,https://github.com/akbarq/codescan,Python,0,1,0,N/A,2023,03/2023,N/A,"É uma ferramenta qie detecta funções vulneráveis em arquivos PHP, Java, Python, .Net e Javascript ",SIM,NÃO,NÃO,1
71,mdxedia/Awsome-Cash,https://github.com/mdxedia/Awsome-Cash,N/A,-,-,-,-,-,-,-,Repositório vazio na data da pesquisa,NÃO,SIM,NÃO,0
72,mertCukadar/SecureShield-Fortifying-Your-Digital-Perimeter,https://github.com/mertCukadar/SecureShield-Fortifying-Your-Digital-Perimeter,C++,0,1,1,MIT License,2023,07/2023,N/A,É uma ferramenta desenvolvida para análise de vulnerabilidades associadas a um porta exposta,NÃO,NÃO,NÃO,1
73,MiChaelinzo/NetworkScanner,https://github.com/MiChaelinzo/NetworkScanner,Python,0,2,1,GPL-3.0 License,2023,01/2023,N/A,É uma aplicação Python que faz análsie de seurança de rede,NÃO,NÃO,NÃO,1
74,missfatpanda/php-vulnerability,https://github.com/missfatpanda/php-vulnerability,HTML,0,1,0,N/A,2023,2023,N/A,"É uma demo, sem conteúdo na data pesquisada",NÃO,NÃO,NÃO,1
75,andrenasx/J-TAS,https://github.com/andrenasx/J-TAS,Python,0,1,1,N/A,2023,06/2023,CWE,"É uma Github Actions que automatiza o escaneamento de código Java, identificando as vulnerabilidades de CWE presentes",SIM,NÃO,NÃO,1
76,AviBuckman/Vulnerability-Checker,https://github.com/AviBuckman/Vulnerability-Checker,Python,0,4,0,BSD-3-Clause License,2020,2020,N/A,É um verificador de vulnerabilidades em python que escaneia os pacotes intalados em máquinas Linux e cria um banco de dados contendo metadados sobre os pacote,SIM,NÃO,NÃO,1
77,nanotechz9l/Source-code-analyzer,https://github.com/nanotechz9l/Source-code-analyzer,Ruby,9,3,9,N/A,2013,2014,N/A,É uma ferramenta para escanear código C/C++ por vulnerabilidades conhecidas e uso de funções perigosas,NÃO,NÃO,NÃO,1
78,NashTech-Labs/Nikto,https://github.com/NashTech-Labs/Nikto,Shell Script,0,5,0,N/A,2023,01/2023,N/A,É uma ferramenta CLI para escanear servidores web por arquivos perigosos/CGIs e outros,NÃO,NÃO,NÃO,2
79,Nate0634034090/nate158g-m-w-n-l-p-d-a-o-e,https://github.com/Nate0634034090/nate158g-m-w-n-l-p-d-a-o-e,N/A,2,0,4,GPL-3.0 License,2021,2021,N/A,"Repositório possui apenas os arquivos Readme, LICENSE e .gitignore na data da pesquisa. ´?E uma ferramenta para exploração de segurança com uso do metasploit",NÃO,SIM,NÃO,1
80,bfarhad/cloudsploit-ec2-terraform,https://github.com/bfarhad/cloudsploit-ec2-terraform,HCL,0,3,1,MIT License,2019,2020,N/A,É uma exemplo de POC para prover uma instância EC2 com NodJs e Clausploit instalados para escanear uma conta de nuvem por vulnerabilidades,SIM,NÃO,NÃO,1
81,nickolas-atreides/snyk-vulnerability-scan,https://github.com/nickolas-atreides/snyk-vulnerability-scan,N/A,-,-,-,-,-,-,-,Repositório possui o Readme e imagens de resultado de análise de vulnerabilidade usando SNYK.,NÃO,SIM,NÃO,0
82,cons3rt/test-asset-fortify-simple,https://github.com/cons3rt/test-asset-fortify-simple,Shell Script,1,5,4,Bring your Own License,2016,2016,N/A,Eé uma ferramenta que pode ser usada para escanear o código fonte para más práticas e vulnerabilidades,SIM,NÃO,NÃO,1
83,oliverklee/pixy,https://github.com/oliverklee/pixy,Java,36,14,128,GLP V3 e V2,2012,2021,N/A,É um plugin para o Eclipse para rodar testes de software Java e PHP,NÃO,NÃO,NÃO,5
84,parshuramreddysudda/Pronoxis,https://github.com/parshuramreddysudda/Pronoxis,CSS,1,2,4,N/A,2018,2020,N/A,É uma feramenta para análise de código fonte PHP,NÃO,NÃO,NÃO,1
85,cons3rt/test-asset-sonar-simple,https://github.com/cons3rt/test-asset-sonar-simple,Shell Script,0,7,0,N/A,2019,2019,N/A,"É um script simples do Sonar para uso no CONS3RT, para escanear código por práticas ruins e vulnerabilidades",SIM,NÃO,NÃO,1
86,pranavwange/auto-sec-scan-pipeline,https://github.com/pranavwange/auto-sec-scan-pipeline,N/A,-,-,-,-,-,-,-,Repositório possui apenas o Readme na data da pesquisa,NÃO,SIM,NÃO,0
87,Privado-Inc/privado,https://github.com/Privado-Inc/privado,Dockerfile,47,15,430,GPL-3.0 License,2022,09/2023,N/A,É uma ferramnta de análise de código estático para descobrir o fluxo de dados no código.,NÃO,NÃO,NÃO,114
88,pumasecurity/puma-scan,https://github.com/pumasecurity/puma-scan,C#,85,36,429,GPL-3.0 License,2016,2022,N/A,"É uma ferramenta de verificação de código .NET, é associado ao Visual Studio para identificar as falhas de segurança",NÃO,NÃO,NÃO,20
89,CptAlessio/sentinelscan,https://github.com/CptAlessio/sentinelscan,Python,0,1,0,N/A,2023,02/2023,N/A,É uma ferramenta de escaneamenteo de vulnerabilidades de código C# e .Net em qualquer repositório do Github,SIM,NÃO,NÃO,1
90,rchelu/snoopy-vulnerable-code-snippets,https://github.com/rchelu/snoopy-vulnerable-code-snippets,N/A,-,-,-,-,-,-,-,Repositório vazio na data da pesquisa,NÃO,SIM,NÃO,0
91,dinorows/scansafe,https://github.com/dinorows/scansafe,Javascript,0,2,0,N/A,2017,2017,N/A,Escaneia pacotes de código fonte para potencias vulnerabilidades Javascript embutidas em arquivos Gulp como string ou expressões regulares;,SIM,NÃO,NÃO,1
92,driftingruby/062-security-and-static-code-analyzers,https://github.com/driftingruby/062-security-and-static-code-analyzers,Ruby,1,2,1,N/A,2016,2018,N/A,É uma ferramenta (Drifting Ruby) para escaneamento de segurança de código Ruby,SIM,NÃO,NÃO,1
93,Sfedfcv/redesigned-pancake,https://github.com/Sfedfcv/redesigned-pancake,N/A,-,-,-,-,-,-,-,Repositório vazio na data da pesquisa,NÃO,SIM,NÃO,0
94,eon01/NodeSS,https://github.com/eon01/NodeSS,N/A,1,4,22,MIT License,2016,2016,N/A,É uma ferramenta de escaneamento de código Nodejs para dependências e vulnerabilidades,SIM,NÃO,NÃO,1
95,erandakodagoda-ledd/terragoat,https://github.com/erandakodagoda-ledd/terragoat,HCL,0,0,1,Apache-2.0 License,2022,2022,N/A,È uma implmentação de escaneamento de vulnerabilidade Snyk de código em repositórios Terraform para Terra Goat ,SIM,NÃO,NÃO,1
96,feramin108/Secure-C,https://github.com/feramin108/Secure-C,C,0,2,0,GPL-3.0 License,2016,2016,N/A,"É coleção de scripts C para profissionais de segurança de rede, incluindo escaneamento de rede, avaliação de vulnerabilidades, análise de pacotes etc",SIM,NÃO,NÃO,1
97,stoykovstoyk/sonarqube-ansible-deployment,https://github.com/stoykovstoyk/sonarqube-ansible-deployment,Shell Script,-,-,-,-,-,-,-,Repetido com o item 81,NÃO,NÃO,NÃO,0
98,fvi-att/Kremlin,https://github.com/fvi-att/Kremlin,Python,0,1,0,GPL-3.0 License,2018,2018,N/A,É uma ferramenta de verificação de código e repositório para RedTeam,SIM,NÃO,NÃO,1
99,gp47/xef-scan-ex01,https://github.com/gp47/xef-scan-ex01,HCL,0,1,0,MIT License,2023,04/2023,N/A,É um exemplod e código terrraform ,SIM,NÃO,NÃO,1
100,TaLevy94/security-score-cli,https://github.com/TaLevy94/security-score-cli,N/A,-,-,-,-,-,-,-,Repositório possui o Readme e o arquivo gitignore na data da pesquisa,NÃO,SIM,NÃO,0
101,TartarusLabs/phpscan,https://github.com/TartarusLabs/phpscan,Python,0,0,3,GPL-3.0 License,2018,2022,N/A,É SCript para escanear atravś de um projeto PHP e etiquetar funções que são de interesse no quesito vulnerabilidades de segurança,NÃO,NÃO,NÃO,1
102,Technomux/hackerpro,https://github.com/Technomux/hackerpro,N/A,16,28,144,N/A,2019,2019,N/A,É uma ferramenta All in one para linux e Android. Sem documentação,NÃO,NÃO,NÃO,12
103,guzmanthetrader/Check-Up,https://github.com/guzmanthetrader/Check-Up,Java,0,1,0,N/A,2023,03/2023,N/A,"É uma ferramenta para pesquisar websites por XSS, SQL Injections, HTML Injection e porta abertas",SIM,NÃO,NÃO,1
104,testcomputer/python-scripts,https://github.com/testcomputer/python-scripts,Python,0,2,2,N/A,2023,07/2022,N/A,É uma material para treinamento com código de exemplo usando Python para tarefas de segurança de rede,NÃO,NÃO,NÃO,1
105,theahmadov/VOID,https://github.com/theahmadov/VOID,Python,4,4,20,N/A,2022,2022,N/A,É uma ferramenta de escaneamento de segurança e hacking e teste de penetração,NÃO,NÃO,NÃO,8
106,Hanzehogeschool-hbo-ict/codescanner,https://github.com/Hanzehogeschool-hbo-ict/codescanner,Typescript,0,2,0,MIT License,2022,2022,N/A,É um plugin do VS Code para escaneamento de bibliotecas,SIM,NÃO,NÃO,1
107,hasskod4rking777/test,https://github.com/hasskod4rking777/test,HTML,0,1,0,N/A,2022,2022,N/A,É um validador de escaneamento de vulnerabilidade de código,SIM,NÃO,NÃO,1
108,jackgkafaty/CodeQL_containerizedApp,https://github.com/jackgkafaty/CodeQL_containerizedApp,Typescript,0,1,1,MIT License,2023,07/2023,N/A,É uma demonstração de uma implementação de como usar CodeQL para escanear aplicações conteinerizadas por vulnerabilidades,SIM,NÃO,NÃO,1
109,uvhw/Bitcoin-Foundation,https://github.com/uvhw/Bitcoin-Foundation,C++,5,1,4,MIT License,2021,2022,N/A,É uma versão de ferramenta de caixa eletrônico ponto-a-ponto que permite pagamentos on-line,NÃO,NÃO,NÃO,2
110,vladvasyuk/security-test2,https://github.com/vladvasyuk/security-test2,Python,-,-,-,-,-,-,-,Repositório possui apenas o Readme na data da pesquisa,NÃO,SIM,NÃO,0
111,vulnerable-demo-app/demo-code-scanning,https://github.com/vulnerable-demo-app/demo-code-scanning,Javascript,0,1,0,N/A,2019,2019,N/A,"É um demo de escaner de vulnerabilidade usando LGTM, no caso, uma injeção de código em um aquivo zip",NÃO,NÃO,NÃO,1
112,jasoncabot/devops-demo-code-scanning,https://github.com/jasoncabot/devops-demo-code-scanning,Javascript,1,2,0,MIT License,2020,20212,N/A,Projeto Nodejs para pesquisa de vulnerabilidades usando CodeQL,SIM,NÃO,NÃO,1
113,jenkinsci/carbonetes-serverless-container-scanning-and-policy-compliance-plugin,https://github.com/jenkinsci/carbonetes-serverless-container-scanning-and-policy-compliance-plugin,Java,1,2,9,MIT License,2019,2021,N/A,"É uma ferramenta de análilse de vulnerabilidades de imagens de containers e política de conformidade, baseado no Carbonetes (https://carbonetes.com), sendo necessária credenciais para uso da mesma.",SIM,NÃO,NÃO,1
114,kevjin/vulnerability_tool,https://github.com/kevjin/vulnerability_tool,Python,0,2,0,MIT License,2019,2019,N/A,É uma ferrametna de ançaise de vulnerablidade para qualquer repositório de código,SIM,NÃO,NÃO,1
115,67iendymarm/taklamakan-scanner,https://github.com/67iendymarm/taklamakan-scanner,N/A,-,-,-,-,-,-,-,Repositório vazio na data da pesquisa,NÃO,SIM,NÃO,0
116,aws-samples/aws-codepipeline-docker-vulnerability-scan,https://github.com/aws-samples/aws-codepipeline-docker-vulnerability-scan,Dockerfile,36,11,35,MIT-0 License,2018,2019,N/A,É uma template  Courd Formatin para fazer deploy do CoreOS Clair e Nginx no ECS Fargate e ECS Service.,NÃO,NÃO,NÃO,6
117,bizonix/rips-scanner,https://github.com/bizonix/rips-scanner,PHP,6,3,6,N/A,2015,2015,N/A,RISP é um analisador de código estático para vulnerabilidades em PHP. Projeto foi abandonado e é usado como protótipo acadêmico,NÃO,NÃO,NÃO,1
118,cintex/staronox-vulnerability-scanner,https://github.com/jasnnh/PHPPortVulnerabilityScanner,N/A,-,-,-,-,-,-,-,Repositório possui apenas o Readme,NÃO,SIM,NÃO,0
119,luafanti/source-code-scanning-and-analysis-action,https://github.com/luafanti/source-code-scanning-and-analysis-action,N/A,0,1,0,Apache-2.0 License,2022,2022,N/A,"É uma workflow responsável por lançar análise de código estático, aplicado a projetos que usam Gradle e Kotlin, com uso de Sonarqube, JaCoCo e Deterk",SIM,NÃO,NÃO,1
120,devaa-security/manifest-scanner,https://github.com/devaa-security/manifest-scanner,TypeScript,0,0,3,MIT License,2023,09/2023,N/A,É uma escaner de vulnerabilidade de código fonte para App Android,NÃO,NÃO,NÃO,1
121,Dhoomralochana/Scanners-for-CVE-2020-0796-Testing,https://github.com/Dhoomralochana/Scanners-for-CVE-2020-0796-Testing,N/A,1,1,2,N/A,2020,2020,N/A,"Repositório possui apenas o arquivo Readme, com uma lista de vulnerabilidades do MS SMBv3",NÃO,SIM,NÃO,1
122,maidn511/FortifyStaticDemo,https://github.com/maidn511/FortifyStaticDemo,C#,0,1,0,N/A,2023,05/2023,N/A,É um repositório dedicado para hospedar todos os arquivos a serem escaneados usando Fortify Static Code Analyzer (SCA),SIM,NÃO,NÃO,1
123,markes1977/WESSy-NET,https://github.com/markes1977/WESSy-NET,C#,0,1,0,GPL-3.0 License,2020,202,N/A,"Web Endpoint Securety Scorecard (WESSy) é uma ferramnta para pequisa legalidade de criptografa e componentes e outras configurações de segurança de rede e repositórios, em C#/HTML",SIM,NÃO,NÃO,1
124,markes1977/WESSy-Python,https://github.com/markes1977/WESSy-Python,Python,0,1,0,GPL-3.0 License,2020,2020,N/A,"Web Endpoint Securety Scorecard (WESSy) é uma ferramnta para pequisa legalidade de criptografa e componentes e outras configurações de segurança de rede e repositórios, em Python",SIM,NÃO,NÃO,1
125,markfaust123/vigilant-fiesta,https://github.com/markfaust123/vigilant-fiesta,Python,0,1,1,N/A,2022,2022,N/A,"É uma ferramenta python para detecção de falhas de segurança em senhas e repositórios de código, usando regex",SIM,NÃO,NÃO,1
126,gh0st27/Struts2Scanner,https://github.com/gh0st27/Struts2Scanner,Python,1,1,1,MIT License,2020,2021,CVE,"É um escaner de vulnerabilidades para execução remota de código (CVE-2020-17530, 2019-0230, 2018-11776, 2017-5638, 2017-9791)
",NÃO,NÃO,NÃO,1
127,gp47/xef-scan-ex02,https://github.com/gp47/xef-scan-ex02,Smarty,0,1,0,MIT License,2023,05/2023,N/A,É uma example de código HELM para escaneamento xef,NÃO,NÃO,NÃO,1
128,motikan2010/GitHub-code-scanning-Test,https://github.com/motikan2010/GitHub-code-scanning-Test,Java,3,0,1,N/A,2020,2020,N/A,"É um buscador de vulnerabiliades de código do Gihub, implemantado em Java, que usa CodeQL",SIM,NÃO,NÃO,1
129,MTES-MCT/codescanalerts-action,https://github.com/MTES-MCT/codescanalerts-action,Javascript,2,2,0,MIT License,2021,2022,N/A,É uma Github Action que faz escaneamento de potenciais vulnerabilidades de segurança em código e gera saída em formato JSON,SIM,NÃO,NÃO,1
130,nedelcho-delchev-tues/code-auditor,https://github.com/nedelcho-delchev-tues/code-auditor,Java,0,1,0,MIT License,2023,07/2023,N/A,Uma plataforma para revisãod e código com escaneamento de vunerabilidade,SIM,NÃO,NÃO,1
131,octodemo/code-scanning-demo-template,https://github.com/octodemo/code-scanning-demo-template,Javascript,4,0,1,N/A,2020,2020,N/A,É um repositório simples de vulnerabilidade em javascript para mostrar escaneamento de código ou revisão de dependências,SIM,NÃO,NÃO,1
132,pasodoff/bad-apple,https://github.com/pasodoff/bad-apple,Java,1,1,0,GPL-3.0 License,2017,2017,N/A,É uma aplicação Java REST para testar senhas no código e escaneamento de vulnerabilidades ,SIM,NÃO,NÃO,1
133,pvtshdw/GitHub-AdvSecurity-Python,https://github.com/pvtshdw/GitHub-AdvSecurity-Python,Python,0,1,0,N/A,2021,2021,N/A,É uma aplicação web em Python para aprendizagem de características de escaneamento de código com Github Advanced Security ,SIM,NÃO,NÃO,1
134,seecode-audit/vuln_project,https://github.com/seecode-audit/vuln_project,Python,2,1,0,Apache-2.0 License,2019,2018,N/A,É uma ferramena para teste funcional de teste de vulnerabilidade em código Java,SIM,NÃO,NÃO,1
135,SKHTW/Source-Code-Vulnerability-Scanner,https://github.com/SKHTW/Source-Code-Vulnerability-Scanner,Shell Script,0,1,0,MIT License,2023,08/2023,N/A,É um bash script para identificar potenciais vulnerabilidades de segurança em código fonte,SIM,NÃO,NÃO,1
136,ss56/php-vulnerability-patcher,https://github.com/ss56/php-vulnerability-patcher,PHP,0,2,0,N/A,2018,2018,N/A,É uma ferramenta de escaneameto de arquivo e sanitizador de vulnerabilidade,SIM,NÃO,NÃO,1
137,stoykovstoyk/sonar-scanner-ansible-deployment,https://github.com/stoykovstoyk/sonar-scanner-ansible-deployment,Shell Script,0,1,0,N/A,2023,06/2023,N/A,É um script do Sonar-scanner que pode ser usado para instalar o sonar-scanner em uma VM Vagrant e apontar para o servidor sonarqube para escanear códgo por vulnerabilidades,SIM,NÃO,NÃO,1
138,tmtmtoo/vulnerability-scan-example,https://github.com/tmtmtoo/vulnerability-scan-example,Go,0,2,0,MIT License,2020,2020,N/A,É uma ferramenta para escaneamento de código e container anchorado no CodeQL,SIM,NÃO,NÃO,1
139,TolgaTD/TargetIPListCreator,https://github.com/TolgaTD/TargetIPListCreator,Python,0,1,0,N/A,2023,07/2023,N/A,É uma ferramenta para identificar erros e vulnerabilidades de segurança que busca alvos na internet usando a API BinaryEdge,SIM,NÃO,NÃO,1
140,tuanndd/ansible-code-scanning,https://github.com/tuanndd/ansible-code-scanning,Shell Script,0,1,1,N/A,2022,2022,CVE e CWE,É uma configuração de role Ansible para ferramenta SAST que executa código de escaneamento no servidor,SIM,NÃO,NÃO,1
141,waqaskhan137/beryl,https://github.com/waqaskhan137/beryl,Java,0,2,0,GPL-3.0 License,2022,2022,N/A,É um projeto opensource para escaneamento de vulnerabilidades e dependências em código fonte,SIM,NÃO,NÃO,1
142,crxxtian/codepenguin-gpt-code-scanner,https://github.com/crxxtian/codepenguin-gpt-code-scanner,Python,0,1,0,N/A,2023,06/2023,ChatGPT,É um escaner de vulbnerablidade baseado em ChatGTP,SIM,NÃO,NÃO,1
143,salmonx/lua-scanner,https://github.com/salmonx/lua-scanner,N/A,0,2,1,MIT License,2019,2019,N/A,Repositório possui apenas o Readme na data da pesquisa,NÃO,SIM,NÃO,1
144,Faouzijedidi1/CodeScanner,https://github.com/Faouzijedidi1/CodeScanner,N/A,0,2,0,N/A,2019,2019,N/A,É uma protótipo para módulo de desenvolvimento de software para  escaneamente de vulnerabilidade de código,SIM,NÃO,NÃO,1
145,feldeh/repo-vulnerability-scanner,https://github.com/feldeh/repo-vulnerability-scanner,Javascript,0,2,0,N/A,2023,03/2023,N/A,É uma ferramenta de linha de comando para verificar código fonte a partir do Github e analisar vulnerabilidades usando ChatGPT,SIM,NÃO,NÃO,1
146,FxOz12/TestCodeScan_Java,https://github.com/FxOz12/TestCodeScan_Java,Java,0,1,0,N/A,2023,01/2023,N/A,É uma ferramenta para checar vulnerabilidade de código usando a ferramenta CodeQL,SIM,NÃO,NÃO,1
147,Shri-shti/Vulnerability_Scanner-,https://github.com/Shri-shti/Vulnerability_Scanner-,Python,0,1,1,MIT License,2023,06/2023,N/A,É um escaneador de vulnerabilidades de websites ou URLs,NÃO,NÃO,NÃO,1
148,sofokliskarelis/XSS-Vuln_Scanner,https://github.com/sofokliskarelis/XSS-Vuln_Scanner,Python,0,1,0,N/A,2022,2022,N/A,É um verificador pentest para explorar vulnerabilidades em websites,NÃO,NÃO,NÃO,1
149,Staticballs/SourDough-Web-vulnerability-scanner,https://github.com/Staticballs/SourDough-Web-vulnerability-scanner,Python,0,1,1,Apache-2.0 License,2023,05/2023,N/A,É um website para teste de vulnerabilidade escrito em Python que checa HTML e cabeçalhos e faz vulnerabilidade de input,NÃO,NÃO,NÃO,1
150,SumitMSunhala/StaticSecurityCodeScan.Net6.Examples,https://github.com/SumitMSunhala/StaticSecurityCodeScan.Net6.Examples,HTML,0,1,0,N/A,2023,07/2023,N/A,É um exemplo de projeto web com vulnerabilidade de segurança e a correção usando SecurityCodeScan.VS2019,NÃO,NÃO,NÃO,1
151,TejGandhi/Vulnerability-Scanner,https://github.com/TejGandhi/Vulnerability-Scanner,N/A,0,0,0,N/A,2017,2017,N/A,"Repositório possui apenas o arquivo Executenmapscript.php.lnk, vazio",NÃO,SIM,NÃO,0
152,Gabriele098/Automated-Vulnerability-Scanner,https://github.com/Gabriele098/Automated-Vulnerability-Scanner,Python,0,1,2,N/A,2022,2022,N/A,É uma feramenta para análise de código fonte em Python e Kali Linux,SIM,NÃO,NÃO,1
153,hissy/php-code-scanner,https://github.com/hissy/php-code-scanner,PHP,0,2,3,MIT License,2017,2017,N/A,É um analisador de códifo estático para código PHP,SIM,NÃO,NÃO,1
154,22XploiterCrew-Team/Gel4y-Mini-Shell-Backdoor,https://github.com/22XploiterCrew-Team/Gel4y-Mini-Shell-Backdoor,PHP,65,3,109,MIT License,2021,08/2023,N/A,"É um backdoor que pode pular alguns sistema de segurança, com código ofuscado. ",NÃO,NÃO,NÃO,28
155,82goober82/fluxionwpa2,https://github.com/82goober82/fluxionwpa2,N/A,1,3,4,N/A,2018,2018,N/A,É uma ferramenta de auditoria de segurança e pesqusa de engenharia social para quebra de senha WPA/WPA2,NÃO,NÃO,NÃO,1
156,82goober82/fluxionwpacrack,https://github.com/82goober82/fluxionwpacrack,Shell Script,7,3,9,N/A,2018,2018,N/A,É uma ferramenta de auditoria de segurança e pesqusa de engenharia social para quebra de senha WPA/WPA2,NÃO,NÃO,NÃO,2
157,huzaifazahoor/Vunerability-Scanner-Python-Code,https://github.com/huzaifazahoor/Vunerability-Scanner-Python-Code,Python,0,1,1,N/A,2020,2020,N/A,É um sescaner de vulnerabilidade para XSS em Python,SIM,NÃO,NÃO,1
158,advanced-security/tag-sarif,https://github.com/advanced-security/tag-sarif,Python,1,1,5,MIT License,2023,03/2023,N/A,É uma ferramenta que permite fitrar resultados de diferentes escaners de código e etiquetá-las,NÃO,NÃO,NÃO,2
159,ICSEng-Stage/CodeScanTest2,https://github.com/ICSEng-Stage/CodeScanTest2,Javascript,0,1,0,N/A,2016,2016,N/A,É um testador de código com o repositório público de nó vulnerável,SIM,NÃO,NÃO,1
160,ahmedandaloes/Sweep-ai-Security-try,https://github.com/ahmedandaloes/Sweep-ai-Security-try,N/A,0,1,0,N/A,2023,07/2023,N/A,Repositório com apenas o Readme na data da consulta,NÃO,SIM,NÃO,1
161,Aietix/tfmuxa,https://github.com/Aietix/tfmuxa,Dockerfile,0,1,1,N/A,2023,04/2023,N/A,É uma ferramenta de geração de imagem docker para liting e sescaneamento de segurança de código Terraform,,NÃO,NÃO,1
162,amazinyeshuwanna/amazinyeshuwannamoney-,https://github.com/amazinyeshuwanna/amazinyeshuwannamoney-,N/A,-,-,-,-,-,-,-,Repositório possui apenas o Readme na data da pesquisa,NÃO,SIM,NÃO,0
163,jasnnh/PHPPortVulnerabilityScanner,https://github.com/jasnnh/PHPPortVulnerabilityScanner,PHP,0,1,0,MIT License,2021,2021,N/A,É uma port sccanner feito em PHP,SIM,NÃO,NÃO,1
164,Jaxon1111/siem_the_nightowl,https://github.com/Jaxon1111/siem_the_nightowl,Python,0,1,0,N/A,2022,2022,CVE,"É um testarde SIEM que relata endereços IP e vulnerabiildades CVE, certificados e pontuações de risco de domínio",SIM,NÃO,NÃO,1
165,JigneshRana/PHP-Vulnerability-Scanner,https://github.com/JigneshRana/PHP-Vulnerability-Scanner,Python,0,2,0,N/A,2021,2021,N/A,"É uma buscador de vulnerabilidades em código PHP, desenvolvido em Python",SIM,NÃO,NÃO,1
166,auth0/repo-supervisor,https://github.com/auth0/repo-supervisor,Javascript,100,32,626,MIT License,2017,06/2023,N/A,"É uma ferramenta que ajuda a detectar senhas e segredos no código, pode ser usada como linha de comando ou no Github.",NÃO,NÃO,NÃO,31
167,mgtracio/security-scanner,https://github.com/mgtracio/security-scanner,Go,0,1,0,MIT License,2022,2022,N/A,"É um escaner de vulnerabilidades para imagens de containers em registry's, configuraçẽos e senhas no código",SIM,NÃO,NÃO,1
168,bdo7boi/VirusTotalScanProject,https://github.com/bdo7boi/VirusTotalScanProject,N/A,-,-,-,-,-,-,-,Repositório vazio na data da pesquisa,NÃO,SIM,NÃO,0
169,BhumiSharma2000/Gujarat-Industrial-Hackathon-Customer-Relationship-Management-System,https://github.com/BhumiSharma2000/Gujarat-Industrial-Hackathon-Customer-Relationship-Management-System,Javascript,1,1,3,N/A,2021,2021,N/A,É um portal web para gerenciamento de interações com os consumidores,NÃO,NÃO,NÃO,1
170,btoplak/Joomla-Anti-Malware-Scan-Script--JAMSS-,https://github.com/btoplak/Joomla-Anti-Malware-Scan-Script--JAMSS-,PHP,106,50,142,N/A,2012,2016,N/A,É uma ferramnta informativa para verificação de malwares,NÃO,NÃO,NÃO,9
171,mwalidshaarawi/VulnerabilityScannerCodeC,https://github.com/mwalidshaarawi/VulnerabilityScannerCodeC,C++,1,1,1,N/A,2020,2020,N/A,É uma feramenta para análise de código fonte C,SIM,NÃO,NÃO,1
172,cdkflash/READE.mp,https://github.com/cdkflash/READE.mp,N/A,2,1,2,N/A,2022,2022,N/A,Repositório possui apenas o arquivo Readme na data da pesquisa,NÃO,SIM,NÃO,2
173,ChiemelieChinedu/Point-Of-Sales-Software,https://github.com/ChiemelieChinedu/Point-Of-Sales-Software,C#,0,1,0,N/A,2023,06/2023,N/A,É um software de ponto de venda,NÃO,NÃO,NÃO,1
174,chrisneagu/FTC-Skystone-Dark-Angels-Romania-2020,https://github.com/chrisneagu/FTC-Skystone-Dark-Angels-Romania-2020,Java,47,12,78,N/A,2021,2021,N/A,"É uma ferramenta de repositório que contem o FTC SDK para o SKYSTONE(2019), competição de criação de app Android",NÃO,NÃO,NÃO,22
175,nasiruddinml/sonar-scan-action,https://github.com/nasiruddinml/sonar-scan-action,Dockerfile,0,1,0,N/A,2021,2021,N/A,"É um exemplo de integração do SonarQube com o Github para automatizar a análise de codigo para detectar bugs, vulnerabilidades e código ruins",SIM,NÃO,NÃO,1
176,quebic-source/ml-vulnerability-scanner,https://github.com/quebic-source/ml-vulnerability-scanner,Python,1,2,0,Apache-2.0 License,2018,2018,N/A,É um modelo de rede neural de convolução para prever tipos de vulnerabilidade em um dado código fonte,SIM,NÃO,NÃO,1
177,riptho/Vulnerable-Node-Red-Scanner,https://github.com/riptho/Vulnerable-Node-Red-Scanner,Python,0,1,3,N/A,2023,05/2023,N/A,É uma ferramenta de exploração de segurança em servidores desprotegido node-red,SIM,NÃO,NÃO,1
178,Deep-nayak007/Remote-File-Sharing-System-using-QR-Code,https://github.com/Deep-nayak007/Remote-File-Sharing-System-using-QR-Code,Javascript,0,1,0,N/A,2022,2022,N/A,É uma apliação para envio de arquivos PDF .doc e imagens através de um QR Code,NÃO,NÃO,NÃO,1
179,Yonks20/WebVulnerabilityScanner,https://github.com/Yonks20/WebVulnerabilityScanner,PHP,0,1,0,N/A,2023,06/2023,N/A,É uma aplicação web para busca de SQL Injectin e ataques XSS usando técnica Mining Method,SIM,NÃO,NÃO,1
180,dev-jsarje/web3security_accelerate_proj,https://github.com/dev-jsarje/web3security_accelerate_proj,N/A,0,1,0,GPL-3.0 License,2022,2022,N/A,É uma ferramenta que cria um portal de segurança Web3. Sem maiores detalhes e implementação,NÃO,NÃO,NÃO,1
181,DevMunashe/veriauth_onetruth,https://github.com/DevMunashe/veriauth_onetruth,Dart,1,1,0,N/A,2020,2020,N/A,É uma ferramenta para verificar a entrada de visitantes pela checagem de um QR Code,NÃO,NÃO,NÃO,1
182,advanced-security/monorepo-filtering-workaround,https://github.com/advanced-security/monorepo-filtering-workaround,Java,3,2,4,MIT License,2018,2018,N/A,É uma vertificador de código avançado para o Github para fluxo de um repositório para todos os projetos.,SIM,NÃO,NÃO,1
183,ahdhi/Pipeline-Automation-Demo,https://github.com/ahdhi/Pipeline-Automation-Demo,Java,0,1,0,MIT License,2023,09/2023,N/A,"É uma demo de um pipeline de automação do Jenkins com estágios CI/CD de teste, análise de código, verificação de segurança e deploy",SIM,NÃO,NÃO,1
184,ameyrk18/node-web-app,https://github.com/ameyrk18/node-web-app,Javascript,0,2,0,N/A,2019,2019,N/A,"é uma ferramenta de teste unitário, escaneamento de código por segurança em NodeJs",SIM,NÃO,NÃO,1
185,escendit/Escendit.Tools.CodeAnalysis.SecurityCodeScanAnalyzers,https://github.com/escendit/Escendit.Tools.CodeAnalysis.SecurityCodeScanAnalyzers,N/A,1,1,0,MIT License,2023,06/2023,N/A,"É parte do pacote Nuget SecurityCode Scan, um analisador estático de código para .Net. Faz a compatibilidade da análise com a política de empresa",NÃO,NÃO,NÃO,1
186,EtherDotBlue/hazechain,https://github.com/EtherDotBlue/hazechain,N/A,-,-,-,-,-,-,-,Repositório vazio na data da pesquisa,NÃO,SIM,NÃO,0
187,fadhilthomas/go-code-scanning-reporter,https://github.com/fadhilthomas/go-code-scanning-reporter,Go,1,0,1,N/A,2021,09/2023,N/A,É uma ferramenta que gera relatório de escaneamento de código para notion e slack,NÃO,NÃO,NÃO,1
188,fil-monterey/CodeScan,https://github.com/fil-monterey/CodeScan,N/A,-,-,-,-,-,-,-,Repositório está vazio na data da pesquisa,NÃO,SIM,NÃO,0
189,arinzl/aws-checkov-demo,https://github.com/arinzl/aws-checkov-demo,HCL,0,1,0,N/A,2023,06/2023,N/A,É uma ferramenta que usa o Checkov para escaneamento de segurança no código terraform para AWS,SIM,NÃO,NÃO,1
190,gemenicompinc/7-Must-Have-Features-to-Look-for-in-a-POS-System,https://github.com/gemenicompinc/7-Must-Have-Features-to-Look-for-in-a-POS-System,N/A,1,3,2,N/A,2015,2015,N/A,"Repositório possui apenas o arquivo Readme na data da pesquisa, indiocando que se trata de um sistema de POS venda ",NÃO,SIM,NÃO,1
191,gemenicompinc/Choose-POS-System-for-Your-Business-with-These-Accessories,https://github.com/gemenicompinc/Choose-POS-System-for-Your-Business-with-These-Accessories,N/A,-,-,-,-,-,-,-,Repositório vazio na data da pesquisa,NÃO,SIM,NÃO,0
192,GeorgeMSC/spad,https://github.com/GeorgeMSC/spad,Java,0,1,0,N/A,2023,07/2023,N/A,"Não possui Readme, mas aparenta ser um App para biblioteca",NÃO,NÃO,NÃO,1
193,gerasimosmichalitsianos/codescanner,https://github.com/gerasimosmichalitsianos/codescanner,Python,0,2,0,GPL-3.0 License,2020,03/2023,N/A,É um programa Python de linha de comando para escanear códigos científicos por falhas de segurança e melhores práticas,NÃO,NÃO,NÃO,1
194,asatech92/HC-Code,https://github.com/asatech92/HC-Code,Javascript,0,1,0,N/A,2023,06/2023,N/A,É uma demo para uso do escaneamento de segurança para o Github e CodeQL,SIM,NÃO,NÃO,1
195,CIRCLECI-GWP/scheduled-security-scan,https://github.com/CIRCLECI-GWP/scheduled-security-scan,HTML,0,4,0,N/A,2021,2021,N/A,Código para executar escaneamento periódico de segurança em pipelines agendados,SIM,NÃO,NÃO,1
196,hackcrypto/fluxion,https://github.com/hackcrypto/fluxion,Shell Script,27,9,39,N/A,2017,2018,N/A,É uma ferramenta de auditoria de segurança e pesqusa de engenharia social para quebra de senha WPA/WPA2 (atualização),NÃO,NÃO,NÃO,4
197,dominik-adam/code_scanning_with_github,https://github.com/dominik-adam/code_scanning_with_github,Python,0,1,0,N/A,2021,2021,N/A,É uma ferramenta que executa escaneamento de segurança Codacy ,SIM,NÃO,NÃO,1
198,DroPZsec/MFETB,https://github.com/DroPZsec/MFETB,Shell Script,0,1,1,N/A,2022,2022,Metasploit,É um tutotial para uso da ferramenta de busca de exploits de segurança metaexploit,SIM,NÃO,NÃO,1
199,HiredHaxor/Weevely-1.1,https://github.com/HiredHaxor/Weevely-1.1,N/A,-,-,-,-,-,-,-,Repositório vazio na data da pesquisa,NÃO,SIM,NÃO,0
200,idanb93/Final-Project,https://github.com/idanb93/Final-Project,Javascript,0,1,0,N/A,2022,2022,N/A,"É um projeto full stack para escanear repositórios de código por informações sensíveis (access tokens, senhas, pai keys), erros de configuração e práticas ruins de codificação.",NÃO,NÃO,NÃO,1
201,JacksonTrexler/ParallelNetworkScanner,https://github.com/JacksonTrexler/ParallelNetworkScanner,Python,0,2,0,N/A,2023,03/2023,N/A,É um código Python para imlemntar segurança de rede,NÃO,NÃO,NÃO,1
202,jagrat610/Smart-Entrance-System,https://github.com/jagrat610/Smart-Entrance-System,Jupiter Notebook,0,1,0,N/A,2023,01/2023,N/A,É uma aplicação para controle de acesso baseado e escanemaeto de QR Code,NÃO,NÃO,NÃO,1
203,erdehaas/sec-scanner,https://github.com/erdehaas/sec-scanner,Go,0,2,6,Apache-2.0 License,2014,2014,N/A,É um analisador  de código estático para escaneamento de segurança,SIM,NÃO,NÃO,1
204,gpsandhu23/LLM_code_scanning_evals,https://github.com/gpsandhu23/LLM_code_scanning_evals,Jupiter Notebook,0,1,2,N/A,2023,06/2023,OWASP,É um conjunto de testes para medir a efetividade dos LLMs em identificar as questões de segurança em código,SIM,NÃO,NÃO,1
205,jonny703/InstaChainUpdateVersion,https://github.com/jonny703/InstaChainUpdateVersion,Swift,2,2,1,N/A,2017,2017,N/A,"Sem Readme, mas paarente ser um App para mensagens e leitura de QR Code",NÃO,NÃO,NÃO,1
206,kimranvk/deliveryandtickets,https://github.com/kimranvk/deliveryandtickets,Java,0,1,0,N/A,2021,2021,N/A,Trata de um sistema com foco e melhorar a experiência do consumidor,NÃO,NÃO,NÃO,1
207,kravietz/yasca-rules,https://github.com/kravietz/yasca-rules,N/A,0,2,1,N/A,2012,2012,N/A,Assinaturas adicionais para escanemento de segurança de código fonte com Yasca,NÃO,NÃO,NÃO,1
208,krunalmk/SaveSSH,https://github.com/krunalmk/SaveSSH,C,0,1,0,N/A,2021,2021,N/A,Projeto somente como tutorial para acesso segura a máquinas Linux via SSH,NÃO,NÃO,NÃO,1
209,lekovul/Mass-Input-Sanitization,https://github.com/lekovul/Mass-Input-Sanitization,N/A,-,-,-,-,-,-,-,Repositório possui apenas o Readme na data da pesquisa,NÃO,SIM,NÃO,0
210,Maanaav/AXL,https://github.com/Maanaav/AXL,Dart,1,1,0,GPL-3.0 License,2020,2020,N/A,É uma aplicação para controle de acesso de veículos gerando logs de acessos,NÃO,NÃO,NÃO,1
211,MarkMcG179/COVID-19-Certificate-App-Which-Utilises-Blockchain-and-Off-Chain-Storage-with-Se,https://github.com/MarkMcG179/COVID-19-Certificate-App-Which-Utilises-Blockchain-and-Off-Chain-Storage-with-Secured-QR-Codes,Python,0,1,0,N/A,2022,2022,N/A,É uma ferramanta para acesso a dados sobre COVI-19 com acesso atravpes de QR Code,NÃO,NÃO,NÃO,1
212,MathieuDup/Waste_Market,https://github.com/MathieuDup/Waste_Market,Ruby,1,1,3,N/A,2022,2022,N/A,É ums sistema de compras para mercado com escaneamento de código de barras e QR Code,NÃO,NÃO,NÃO,2
213,Mianto/restaurant-manager,https://github.com/Mianto/restaurant-manager,N/A,0,1,0,N/A,2023,02/2023,N/A,É uma aplicação usindo Sprin-Boot + React para gerenciamento de restaurante com scaneamentod de QR Code,NÃO,NÃO,NÃO,1
214,Nanda467/Security-project,https://github.com/Nanda467/Security-project,N/A,-,-,-,-,-,-,-,Repositório possui somente o Readme e o arquivo gitignore na data da pesquisa,NÃO,SIM,NÃO,0
215,jason-brodie-codebaby/codebaby-scanner,https://github.com/jason-brodie-codebaby/codebaby-scanner,Javascript,0,2,1,MIT License,2014,2014,N/A,É uma ferramenta para escanear código Javascript e verificar questões de segurança,SIM,NÃO,NÃO,1
216,nsbno/terraform-aws-sonarqube,https://github.com/nsbno/terraform-aws-sonarqube,HCL,1,5,1,MIT License,2020,04/2023,N/A,É um modelo para criar uma instância do SonarQube standalone que usa o Github oAuth,NÃO,NÃO,NÃO,1
217,oscarzhou/code-security-report,https://github.com/oscarzhou/code-security-report,Go,0,3,1,MIT License,2023,03/2023,N/A,É uma ferramenta para analisar os relatórios gerados por várias ferramentas de escanner de código,NÃO,NÃO,NÃO,2
218,jeremybuis/jsscanner,https://github.com/jeremybuis/jsscanner,Dockerfile,0,1,2,MIT License,2018,2018,N/A,É uma imagem docker eslint  preconfigurada com foco em regras de segurança para ecanear codigo Javascript,SIM,NÃO,NÃO,1
219,PageUpPeopleOrg/pageup-codescanning-action,https://github.com/PageUpPeopleOrg/pageup-codescanning-action,C#,0,3,0,N/A,2022,2022,N/A,É uma ferramenta usada para escaneamento de segurança estática de código em repositórios .Net,NÃO,NÃO,NÃO,1
220,pericoma0147/codeql,https://github.com/pericoma0147/codeql,N/A,0,1,0,MIT License,2022,2022,N/A,Repositório com apenas o Readme e .gitignore na data da consulta,NÃO,SIM,NÃO,1
221,quietprofessional2jz/Pyscan,https://github.com/quietprofessional2jz/Pyscan,Dockerfile,0,1,0,GPL-3.0 License,2022,2022,N/A,É uma ferramenta que gera um conttainer Docker para as melhores práticas de segurança para checagem de código em linha (CLI),SIM,NÃO,NÃO,1
222,ramirezryan/Kali-Linux-CodePath-Assignment,https://github.com/ramirezryan/Kali-Linux-CodePath-Assignment,N/A,-,-,-,-,-,-,-,Repositório possui somente o Readme e alguns arquivos de imagens na data da pesquisa,NÃO,SIM,NÃO,0
223,Ritwik880/E-Secure,https://github.com/Ritwik880/E-Secure,Javascript,0,1,0,N/A,2021,2021,N/A,"É um sistema de segurança pelo qual o usuário pode se autenticar em uma página da web específica, digitalizando o código QR ou gerando um sistema OTP.",NÃO,NÃO,NÃO,1
224,verifioss/oss-scanner,https://github.com/verifioss/oss-scanner,Python,0,1,0,MIT License,2023,06/2023,N/A,"É um projeto open source para escaneamento de código fonte SAST, SCA e checagem de dependência",SIM,NÃO,NÃO,1
225,security-code-scan/security-code-scan-add-action,https://github.com/security-code-scan/security-code-scan-add-action,Visual Basic .Net,7,2,0,N/A,2021,2021,N/A,"É parte do pacote Nuget SecurityCode Scan, um analisador estático de código para .Net. FAz a compatibilidade com o Github para os arquivos do tipo SARIF.",NÃO,NÃO,SIM,3
226,security-code-scan/security-code-scan-results-action,https://github.com/security-code-scan/security-code-scan-results-action,Visual Basic .Net,11,3,8,LGPL-3.0-or-later ,2019,2021,N/A,"É parte do pacote Nuget SecurityCode Scan, um analisador estático de código para .Net",NÃO,NÃO,SIM,2
227,security-code-scan/security-code-scan.github.io,https://github.com/security-code-scan/security-code-scan.github.io,Javascript,5,1,6,N/A,2017,2022,"OWASP, CWE, WS-Attacks e CERT","É parte do pacote Nuget SecurityCode Scan, um analisador estático de código para .Net, e deteca vários padrões de vulnerabilidade de seguraça, como SQL injectins, Coss-Site Scripting (XSS) e Cross-Site Request Forgery (CSRF), XML eXternl Entity Injectin (XXE) etc",NÃO,NÃO,NÃO,1
228,skywing/template_python_vscode,https://github.com/skywing/template_python_vscode,Python,0,2,0,MIT License,2021,2021,N/A,É um template do VS Code para desenvolvimento Python,NÃO,NÃO,NÃO,1
229,squirrel-explorer/eagleeye-android,https://github.com/squirrel-explorer/eagleeye-android,Java,4,3,7,Apache-2.0 License,2016,2019,N/A,"É um projeto para análise de código estático para Android para resolver potenciais bug, gargalos de performance e riscos de segurança. Em Chinês.",NÃO,NÃO,NÃO,1
230,squirrel-explorer/eagleeye-ios,https://github.com/squirrel-explorer/eagleeye-ios,C++,0,2,1,Apache-2.0 License,2015,2016,N/A,"É um projeto de escaneamento de código estático para IOS, para resolver potenciaios bugs, gargalos de performance e riscos de segurança",NÃO,NÃO,NÃO,1
231,Winkler-Jonas/SecScan,https://github.com/Winkler-Jonas/SecScan,Python,0,1,0,N/A,2023,01/2023,N/A,É uma ferramenta em Pythons que escaneia o código fonte por problemas de segurança comuns,SIM,NÃO,NÃO,1
232,tthorson/Fed.HPFOD,https://github.com/tthorson/Fed.HPFOD,N/A,-,-,-,-,-,-,-,Repositório apenas com os arquivos Readme e Docs na data da pesquisa.,NÃO,SIM,NÃO,0
233,yogeshmsc-cloudys/gcp-cicd-security-scans,https://github.com/yogeshmsc-cloudys/gcp-cicd-security-scans,Dockerfile,0,1,0,N/A,2022,2022,N/A,"Contem um pipeline CI/CD GCP com passos de auditoria, cobertura de código, teste unitário e escaneamento de segurança",SIM,NÃO,NÃO,1
234,Vergosss/Modern-Topics-In-Network-Security,https://github.com/Vergosss/Modern-Topics-In-Network-Security,Python,0,1,0,GPL-3.0 License,2023,06/2023,N/A,É um tutorial sobre segurança de rede (lab) com código fonte adicional para por scanning em Python,NÃO,NÃO,NÃO,1
235,dereban25/cloudrail-vscode-extension,https://github.com/dereban25/cloudrail-vscode-extension,Typescript,0,0,0,MIT License,2021,2021,N/A,É uma ferramenta (extensão) do VS Code para escaneamento do Terraform por vulnerabilidades de segurança e melhores práticas,SIM,NÃO,NÃO,0
236,SCGIS-Wales/r-code-test,https://github.com/SCGIS-Wales/r-code-test,R,0,0,0,N/A,2022,2022,N/A,É uma ferramenta de teste de código R para verificação de segurança,SIM,NÃO,NÃO,0
237,witchfindertr/Password-History-Cookies-Card-Exodus-Metamask-Token-Stealer-All-Browsers-Grabb,https://github.com/witchfindertr/Password-History-Cookies-Card-Exodus-Metamask-Token-Stealer-All-Browsers-Grabber,C++,0,0,1,N/A,2022,2022,N/A,É um controle de acesso  aplicações através de QR Code (discord e outras),NÃO,NÃO,NÃO,1
238,yaoyunzhou/QR-code-scanning-system,https://github.com/yaoyunzhou/QR-code-scanning-system,Jupiter Notebook,0,1,2,N/A,2023,03/2023,N/A,É uma ferrament para escanear QR code,NÃO,NÃO,NÃO,1
239,Ylowe/Incident-Alarm,https://github.com/Ylowe/Incident-Alarm,Python,0,1,0,N/A,2019,2019,N/A,É uma aplicação com alarme de sniffer para uma interface de rede específica,NÃO,NÃO,NÃO,1
240,Vedza/codeql-security-report,https://github.com/Vedza/codeql-security-report,Python,0,0,0,MIT License,2021,2021,N/A,É um Github Action que executa um escanemaneto de segurança CodeQLe gera um relatório com marcações,SIM,NÃO,NÃO,0
241,zahedreza/code-scanning-demo,https://github.com/zahedreza/code-scanning-demo,N/A,0,2,0,N/A,2022,2022,N/A,É uma demonstração para mostrar ao cliente como as verificações de segurança estão sendo feitas para código adicionado a repositórios novos e existentes,NÃO,NÃO,NÃO,1
242,zkoppert/advanced-security-enforcer,https://github.com/zkoppert/advanced-security-enforcer,Python,6,2,34,MIT License,2021,04/2023,N/A,"É utilizada para sincronizar repositórios criados no dia anterior, para habilitar o escaneamento avançado de segurança de código do Github.",NÃO,NÃO,NÃO,6
243,zszszszsz/.config,https://github.com/zszszszsz/.config,Shell Script,80,19,120,MIT License,2020,2020,N/A,É uma ferramenta criar OpenWrt usando Github (servidor de rede de laboratório),NÃO,NÃO,NÃO,24